protein,domain,position,wild_type,mutated_type,consequence_type,sift_score,polyphen_score,allele_frequency
MuRF2,None,3,A,T,missense,1,0,7.966e-06
MuRF2,None,4,S,P,missense,0.14,0.028,nan
MuRF2,None,4,S,Y,missense,0,0.783,nan
MuRF2,None,5,L,V,missense,0.19,0.249,nan
MuRF2,None,6,N,F,frameshift,nan,nan,nan
MuRF2,None,8,K,Q,missense,0.06,0.89,nan
MuRF2,None,8,K,R,missense,0.03,0.174,3.42e-06
MuRF2,None,9,S,P,missense,0.23,0.025,nan
MuRF2,None,9,S,Y,missense,0,0.851,nan
MuRF2,RING,10,F,S,missense,0.05,0.017,nan
MuRF2,RING,10,F,V,frameshift,nan,nan,nan
MuRF2,RING,11,S,C,missense,0.01,0.915,1.368e-06
MuRF2,RING,12,K,T,missense,0.01,0.454,nan
MuRF2,RING,13,E,Q,missense,0.06,0.262,nan
MuRF2,RING,14,Q,*,stop gained,nan,nan,6.84e-07
MuRF2,RING,15,Q,R,missense,0.06,0.153,6.84e-07
MuRF2,RING,16,T,A,missense,0.02,0.113,6.84e-07
MuRF2,RING,16,T,S,missense,0.31,0.171,nan
MuRF2,RING,17,M,I,missense,0.02,0.908,nan
MuRF2,RING,17,M,T,missense,0,0.979,1.368e-06
MuRF2,RING,17,M,V,missense,0,0.91,2.736e-06
MuRF2,RING,18,D,G,missense,0,0.194,4.788e-06
MuRF2,RING,20,L,*,stop gained,nan,nan,nan
MuRF2,RING,20,L,F,missense,0,0.997,6.156e-06
MuRF2,RING,22,K,M,missense,0,0.997,nan
MuRF2,RING,22,K,N,missense,0,0.995,nan
MuRF2,RING,24,L,F,missense,0,0.999,6.84e-07
MuRF2,RING,24,L,I,missense,0,0.981,nan
MuRF2,RING,25,I,L,missense,0.01,0.411,nan
MuRF2,RING,25,I,V,missense,0.03,0.54,5.8195e-05
MuRF2,RING,26,C,Y,missense,0,1,3e-05
MuRF2,RING,27,P,L,missense,0,1,nan
MuRF2,RING,27,P,S,missense,0,1,2.736e-06
MuRF2,RING,28,I,L,missense,0,0.897,nan
MuRF2,RING,28,I,T,missense,0,0.988,nan
MuRF2,RING,28,I,V,missense,0,0.567,nan
MuRF2,RING,31,E,K,missense,0,0.999,nan
MuRF2,RING,32,M,L,missense,0.03,0.249,1.368e-06
MuRF2,RING,32,M,R,missense,0,0.697,nan
MuRF2,RING,33,F,V,missense,0,0.99,6.84e-07
MuRF2,RING,34,T,M,missense,0,0.981,1.2313e-05
MuRF2,RING,34,T,S,missense,0.25,0.213,nan
MuRF2,RING,35,K,E,missense,0,0.995,9.577e-06
MuRF2,RING,36,P,S,missense,0,1,6.84e-07
MuRF2,RING,37,V,A,missense,0,1,1.368e-06
MuRF2,RING,40,L,F,missense,0,1,nan
MuRF2,RING,40,L,I,missense,0,1,6.84e-07
MuRF2,RING,43,Q,*,stop gained,nan,nan,5.472e-06
MuRF2,RING,44,H,R,missense,0,1,nan
MuRF2,RING,45,N,S,missense,0,1,nan
MuRF2,RING,46,L,P,missense,0,1,1.368e-06
MuRF2,RING,48,R,G,missense,0,0.999,1.4369e-05
MuRF2,RING,48,R,K,missense,0,0.993,6.84e-07
MuRF2,RING,50,C,G,missense,0,1,nan
MuRF2,RING,50,C,Y,missense,nan,nan,nan
MuRF2,RING,51,A,V,missense,0,0.999,1.368e-06
MuRF2,RING,52,S,G,missense,0,0.817,nan
MuRF2,RING,53,D,G,missense,0,0.993,4.789e-06
MuRF2,RING,53,D,V,missense,0,0.997,nan
MuRF2,RING,54,I,V,missense,nan,nan,4.795e-06
MuRF2,RING,56,Q,*,stop gained,nan,nan,nan
MuRF2,RING,56,Q,R,missense,0,0.992,1.397e-06
MuRF2,RING,57,A,T,missense,0,0.164,0.000196232
MuRF2,RING,59,N,D,missense,0,0.675,nan
MuRF2,RING,60,P,L,missense,0,0.682,0.0002
MuRF2,RING,60,P,Q,missense,0,0.934,2.755e-06
MuRF2,RING,60,P,R,missense,0.01,0.515,nan
MuRF2,RING,60,P,S,missense,0,0.779,nan
MuRF2,RING,60,P,T,missense,0.02,0.102,6.89e-07
MuRF2,RING,63,P,S,missense,0.17,0.044,nan
MuRF2,RING,63,P,T,missense,0.08,0.027,6.87e-07
MuRF2,RING,64,T,I,missense,0.05,0.014,1e-05
MuRF2,RING,65,R,G,missense,0,0.904,1.371e-06
MuRF2,RING,65,R,K,missense,0,0.742,1.371e-06
MuRF2,RING,65,R,S,missense,0.06,0.644,nan
MuRF2,RING,66,G,R,missense,0.06,0.427,6.85e-07
MuRF2,None,67,G,S,missense,0.2,0.049,nan
MuRF2,None,67,G,V,missense,0,0.503,nan
MuRF2,None,69,T,A,missense,0.11,0.03,nan
MuRF2,None,71,A,G,missense,0.33,0.024,2.738e-06
MuRF2,None,72,S,*,stop gained,nan,nan,nan
MuRF2,None,74,G,C,missense,0,0.988,6.84e-07
MuRF2,None,75,R,*,missense,nan,nan,1.994e-05
MuRF2,None,75,R,G,missense,0,0.971,nan
MuRF2,None,75,R,P,missense,0,0.99,nan
MuRF2,None,75,R,Q,missense,0,0.99,1.196e-05
MuRF2,None,76,F,L,missense,0,0.995,6.84e-07
MuRF2,None,77,R,C,missense,0,0.995,6.843e-06
MuRF2,None,77,R,H,missense,0.04,0.416,0.000196232
MuRF2,None,78,C,*,stop gained,nan,nan,6.84e-07
MuRF2,None,79,P,A,missense,nan,nan,2.737e-06
MuRF2,None,79,P,L,missense,0,0.974,6.84e-07
MuRF2,None,80,S,F,missense,0,0.983,nan
MuRF2,None,80,S,P,missense,0,0.977,6.84e-07
MuRF2,None,81,C,Y,missense,0,0.995,nan
MuRF2,None,82,R,I,missense,0,0.939,nan
MuRF2,None,82,R,K,missense,0.01,0.861,nan
MuRF2,None,83,H,R,missense,0,0.147,6.158e-06
MuRF2,None,84,E,K,missense,0,0.834,nan
MuRF2,None,85,V,L,missense,0,0.616,nan
MuRF2,None,85,V,M,missense,0,0.952,nan
MuRF2,None,86,V,A,missense,0,0.621,6.84e-07
MuRF2,None,86,V,I,missense,0.16,0.055,8.211e-06
MuRF2,None,88,D,N,missense,0,0.883,nan
MuRF2,None,90,H,N,missense,0,0.84,2.737e-06
MuRF2,None,90,H,P,missense,0,0.966,nan
MuRF2,None,90,H,R,missense,0,0.937,6.84e-07
MuRF2,None,90,H,Y,missense,0,0.373,nan
MuRF2,None,91,G,E,missense,0,0.967,nan
MuRF2,None,92,V,I,missense,0.09,0.044,nan
MuRF2,None,92,V,L,missense,0.04,0.067,6.158e-06
MuRF2,None,93,Y,C,missense,0,0.956,7.526e-06
MuRF2,None,95,L,V,missense,0,0.992,nan
MuRF2,None,96,Q,*,stop gained,nan,nan,nan
MuRF2,None,96,Q,H,missense,0.02,0.081,6.84e-07
MuRF2,None,96,Q,R,missense,0,0.626,4.105e-06
MuRF2,None,98,N,I,missense,0,0.996,nan
MuRF2,None,98,N,K,missense,0,0.996,3.988e-06
MuRF2,None,99,L,Q,missense,0,0.999,6.84e-07
MuRF2,None,102,E,K,missense,0,0.896,nan
MuRF2,B-box,103,N,H,missense,0,0.954,nan
MuRF2,B-box,103,N,S,missense,0,0.435,nan
MuRF2,B-box,104,I,M,missense,0,0.764,nan
MuRF2,B-box,104,I,T,missense,0,0.764,6.84e-07
MuRF2,B-box,105,I,V,missense,0.02,0.163,nan
MuRF2,B-box,106,D,G,missense,0.01,0.502,nan
MuRF2,B-box,107,I,L,missense,0.19,0.014,nan
MuRF2,B-box,107,I,N,missense,0,0.867,1.369e-06
MuRF2,B-box,107,I,V,missense,0.02,0.043,2.053e-06
MuRF2,B-box,109,K,N,missense,0.01,0.697,6.85e-07
MuRF2,B-box,110,Q,*,stop gained,nan,nan,2.054e-06
MuRF2,B-box,112,S,F,missense,0.01,0.028,1.0956e-05
MuRF2,B-box,112,S,Y,missense,0.01,0.018,2.054e-06
MuRF2,B-box,113,T,A,missense,0.13,0.003,nan
MuRF2,B-box,114,R,K,missense,0.09,0.003,6.85e-07
MuRF2,B-box,117,K,*,missense,nan,nan,nan
MuRF2,B-box,117,K,E,missense,0.12,0.041,2.052e-06
MuRF2,B-box,118,K,I,missense,0,0.887,nan
MuRF2,B-box,119,S,F,missense,0.02,0.407,nan
MuRF2,B-box,119,S,Y,missense,0.02,0.163,nan
MuRF2,B-box,120,D,N,missense,0.05,0.04,1.2999e-05
MuRF2,B-box,120,D,V,missense,0.04,0.358,6.84e-07
MuRF2,B-box,120,D,Y,missense,0,0.73,0.0004
MuRF2,B-box,121,Q,*,missense,nan,nan,3.981e-06
MuRF2,B-box,121,Q,K,missense,0,0.11,nan
MuRF2,B-box,123,M,T,missense,0.1,0.104,2.736e-06
MuRF2,B-box,124,C,G,missense,0,0.999,1.368e-06
MuRF2,B-box,124,C,R,missense,0,0.999,nan
MuRF2,B-box,124,C,Y,missense,0,0.999,6.84e-07
MuRF2,B-box,125,E,K,missense,0,0.151,1.2997e-05
MuRF2,B-box,125,E,Q,missense,0.07,0.574,nan
MuRF2,B-box,126,E,Q,missense,0.01,0.585,nan
MuRF2,B-box,127,H,P,missense,0,0.999,2.736e-06
MuRF2,B-box,127,H,R,missense,0,0.997,6.84e-07
MuRF2,B-box,131,R,C,missense,0,0.891,0.0006
MuRF2,B-box,131,R,H,missense,0.03,0.051,1.193e-05
MuRF2,B-box,131,R,L,missense,0,0.385,6.84e-07
MuRF2,B-box,132,I,S,missense,0,0.988,nan
MuRF2,B-box,133,N,D,missense,0,0.999,2.052e-06
MuRF2,B-box,134,I,T,missense,0,0.998,nan
MuRF2,B-box,134,I,V,missense,0,0.842,6.84e-07
MuRF2,B-box,135,Y,C,missense,0,1,1.368e-06
MuRF2,B-box,135,Y,H,missense,0,1,nan
MuRF2,B-box,135,Y,N,missense,0,1,nan
MuRF2,B-box,136,C,R,missense,0,0.999,1.368e-06
MuRF2,B-box,136,C,S,missense,0,0.999,5.472e-06
MuRF2,B-box,138,N,S,missense,0.38,0.093,nan
MuRF2,B-box,140,E,G,missense,0.18,0.094,1.368e-06
MuRF2,B-box,140,E,K,missense,0.01,0.697,0.00147344
MuRF2,B-box,143,T,A,missense,0,0.985,nan
MuRF2,B-box,143,T,I,missense,0,0.956,3.42e-06
MuRF2,B-box,145,S,Y,missense,0,0.999,nan
MuRF2,None,146,L,V,missense,0,0.873,6.84e-07
MuRF2,None,149,V,L,missense,0,0.733,6.84e-07
MuRF2,None,150,F,I,missense,0,0.998,1.368e-06
MuRF2,None,151,G,A,missense,0,0.999,nan
MuRF2,None,151,G,D,missense,0,1,nan
MuRF2,None,151,G,S,missense,0,1,nan
MuRF2,None,151,G,V,missense,0,0.999,6.84e-07
MuRF2,None,152,A,T,missense,0.01,0.874,6.84e-07
MuRF2,None,153,H,Q,missense,0,0.999,1.193e-05
MuRF2,None,153,H,R,missense,0,0.998,1.368e-06
MuRF2,None,154,K,E,missense,0,0.782,2.736e-06
MuRF2,None,155,D,E,missense,0.03,0.138,5.472e-06
MuRF2,None,155,D,N,missense,0.04,0.055,nan
MuRF2,None,155,D,Y,missense,0,0.89,nan
MuRF2,None,156,C,F,missense,0,0.995,7.525e-06
MuRF2,None,156,C,R,missense,0,0.999,nan
MuRF2,None,157,Q,*,stop gained,nan,nan,0.000392465
MuRF2,None,157,Q,H,missense,0,0.945,2.5994e-05
MuRF2,None,157,Q,K,missense,0,0.166,0.000392465
MuRF2,None,158,V,A,missense,0,0.968,6.84e-07
MuRF2,None,158,V,L,missense,0,0.981,nan
MuRF2,None,158,V,M,missense,0,0.999,nan
MuRF2,None,159,A,V,missense,0.02,0.823,nan
MuRF2,None,160,P,R,missense,0,0.998,6.84e-07
MuRF2,None,160,P,S,missense,0.02,0.993,nan
MuRF2,None,161,L,R,missense,0,0.996,1e-05
MuRF2,None,163,H,D,missense,0.49,0.013,nan
MuRF2,None,163,H,R,missense,0.06,0.336,2.736e-06
MuRF2,None,164,V,G,missense,0,0.96,nan
MuRF2,None,164,V,L,missense,0,0.59,nan
MuRF2,None,165,F,L,missense,0.03,0.304,6e-05
MuRF2,None,165,F,V,missense,0,0.847,nan
MuRF2,Coiled-coil,168,Q,R,missense,0,0.47,nan
MuRF2,Coiled-coil,169,K,*,stop gained,nan,nan,nan
MuRF2,Coiled-coil,169,K,R,missense,0.01,0.992,6.84e-07
MuRF2,Coiled-coil,170,S,C,missense,0.01,0.833,nan
MuRF2,Coiled-coil,171,E,G,missense,0,0.996,1.368e-06
MuRF2,Coiled-coil,171,E,K,missense,0,0.989,7.966e-06
MuRF2,Coiled-coil,173,S,C,missense,0,0.961,nan
MuRF2,Coiled-coil,174,D,G,missense,0,0.104,nan
MuRF2,Coiled-coil,174,D,N,missense,0,0.113,1.368e-06
MuRF2,Coiled-coil,174,D,V,missense,0,0.949,2.736e-06
MuRF2,Coiled-coil,175,G,A,missense,0.01,0.077,0.000196232
MuRF2,Coiled-coil,175,G,V,missense,0,0.798,0.000196232
MuRF2,Coiled-coil,177,A,T,missense,0.02,0.835,7.964e-06
MuRF2,Coiled-coil,178,I,F,missense,0,0.061,1.0261e-05
MuRF2,Coiled-coil,178,I,M,missense,1,0.003,6.84e-07
MuRF2,Coiled-coil,178,I,T,missense,0,0.003,1.3682e-05
MuRF2,Coiled-coil,178,I,V,missense,0.84,0,1.505e-05
MuRF2,Coiled-coil,179,L,F,missense,0,0.994,6.84e-07
MuRF2,Coiled-coil,180,V,M,missense,0,0.985,2.1891e-05
MuRF2,Coiled-coil,181,G,C,missense,0,0.961,6.84e-07
MuRF2,Coiled-coil,181,G,V,missense,0.02,0.778,nan
MuRF2,Coiled-coil,182,S,N,missense,0.82,0.011,4.789e-06
MuRF2,Coiled-coil,182,S,R,missense,0.01,0.428,6.84e-07
MuRF2,Coiled-coil,183,N,K,missense,0,0.972,1.368e-06
MuRF2,Coiled-coil,183,N,S,missense,0,0.694,nan
MuRF2,Coiled-coil,184,D,G,missense,0,0.139,6.84e-07
MuRF2,Coiled-coil,184,D,N,missense,0,0.92,8.209e-06
MuRF2,Coiled-coil,184,D,V,missense,0,0.962,6.84e-07
MuRF2,Coiled-coil,185,R,*,stop gained,nan,nan,1.368e-06
MuRF2,Coiled-coil,185,R,Q,missense,0.02,0.352,1.99e-05
MuRF2,Coiled-coil,186,V,I,missense,0.87,0.036,2.736e-06
MuRF2,Coiled-coil,187,Q,P,missense,0,0.997,nan
MuRF2,Coiled-coil,188,G,E,missense,0,0.012,6.84e-07
MuRF2,Coiled-coil,189,V,E,missense,0,0.332,2.5311e-05
MuRF2,Coiled-coil,191,S,G,missense,0.06,0.013,nan
MuRF2,Coiled-coil,191,S,R,missense,0,0.626,nan
MuRF2,Coiled-coil,192,Q,*,stop gained,nan,nan,nan
MuRF2,Coiled-coil,193,L,P,missense,0,0.976,nan
MuRF2,Coiled-coil,193,L,Q,missense,0,0.97,nan
MuRF2,Coiled-coil,194,E,G,missense,0,0.981,nan
MuRF2,Coiled-coil,194,E,K,missense,0.01,0.949,2.052e-06
MuRF2,Coiled-coil,196,T,P,missense,0,0.745,nan
MuRF2,Coiled-coil,197,C,F,missense,0,0.949,6.84e-07
MuRF2,Coiled-coil,197,C,S,missense,0,0.266,1.368e-06
MuRF2,Coiled-coil,199,T,S,missense,0.11,0.124,nan
MuRF2,Coiled-coil,200,I,V,missense,0.65,0.005,2.053e-06
MuRF2,Coiled-coil,201,E,K,missense,0,0.307,6.159e-06
MuRF2,Coiled-coil,201,E,Q,missense,0.01,0.335,6.84e-07
MuRF2,Coiled-coil,202,E,K,missense,0,0.56,nan
MuRF2,Coiled-coil,202,E,Q,missense,0,0.861,4.111e-06
MuRF2,Coiled-coil,203,C,R,missense,0.03,0.198,nan
MuRF2,Coiled-coil,205,R,G,missense,0.01,0.147,0.000196232
MuRF2,Coiled-coil,207,Q,H,missense,0.01,0.96,3.421e-06
MuRF2,Coiled-coil,208,K,R,missense,0,0.687,1.368e-06
MuRF2,Coiled-coil,209,Q,*,stop gained,nan,nan,nan
MuRF2,Coiled-coil,209,Q,K,missense,0.02,0.238,8.894e-06
MuRF2,Coiled-coil,209,Q,R,missense,0.01,0.07,1.368e-06
MuRF2,Coiled-coil,210,E,D,missense,0.22,0,nan
MuRF2,Coiled-coil,211,L,I,missense,0.04,0.15,1.368e-06
MuRF2,Coiled-coil,212,C,F,missense,0,0.885,nan
MuRF2,Coiled-coil,212,C,R,missense,0,0.122,6.84e-07
MuRF2,Coiled-coil,212,C,S,missense,0.06,0.086,nan
MuRF2,Coiled-coil,212,C,Y,missense,0,0.889,6.84e-07
MuRF2,Coiled-coil,213,E,K,missense,0,0.47,nan
MuRF2,Coiled-coil,214,K,T,missense,0.13,0.101,nan
MuRF2,Coiled-coil,215,F,L,missense,0.03,0.647,nan
MuRF2,Coiled-coil,216,D,G,missense,0,0.835,3.352e-05
MuRF2,Coiled-coil,217,Y,*,stop gained,nan,nan,1.368e-06
MuRF2,Coiled-coil,218,L,P,missense,0,0.993,nan
MuRF2,Coiled-coil,219,Y,C,missense,0.05,0.029,1.368e-06
MuRF2,Coiled-coil,220,G,D,missense,0.01,0.071,nan
MuRF2,Coiled-coil,220,G,S,missense,0.54,0.003,nan
MuRF2,Coiled-coil,221,I,F,missense,0,0.845,nan
MuRF2,Coiled-coil,221,I,M,missense,0.04,0.892,6.84e-07
MuRF2,Coiled-coil,223,E,K,missense,0,0.94,1.368e-06
MuRF2,Coiled-coil,223,E,V,missense,0,0.576,nan
MuRF2,Coiled-coil,224,E,*,stop gained,nan,nan,0.000196232
MuRF2,Coiled-coil,224,E,D,missense,0.1,0.308,2.052e-06
MuRF2,Coiled-coil,225,R,K,missense,0.23,0.127,1.368e-06
MuRF2,Coiled-coil,226,K,N,missense,0,0.99,nan
MuRF2,Coiled-coil,229,M,V,missense,0,0.238,2.052e-06
MuRF2,Coiled-coil,230,T,I,missense,0.02,0.029,nan
MuRF2,Coiled-coil,231,Q,R,missense,0.14,0.005,2.053e-06
MuRF2,Coiled-coil,232,V,A,missense,0.93,0,nan
MuRF2,Coiled-coil,232,V,I,missense,0.57,0,nan
MuRF2,Coiled-coil,232,V,L,missense,0.72,0.001,6.84e-07
MuRF2,Coiled-coil,233,I,M,missense,0,0.978,1.368e-06
MuRF2,Coiled-coil,233,I,V,missense,0.18,0.249,nan
MuRF2,Coiled-coil,234,T,A,missense,0.11,0.077,6.84e-07
MuRF2,Coiled-coil,234,T,N,missense,0.18,0.123,2.052e-06
MuRF2,Coiled-coil,235,R,*,stop gained,nan,nan,2.5312e-05
MuRF2,Coiled-coil,235,R,L,missense,0.14,0.054,2.736e-06
MuRF2,Coiled-coil,235,R,Q,missense,0.08,0.055,0.0016
MuRF2,Coiled-coil,236,T,I,missense,0.01,0.1,0.0002
MuRF2,Coiled-coil,237,Q,*,stop gained,nan,nan,nan
MuRF2,Coiled-coil,237,Q,P,missense,0,0.962,6.84e-07
MuRF2,Coiled-coil,238,E,A,missense,0,0.084,nan
MuRF2,Coiled-coil,238,E,G,missense,0.09,0.045,nan
MuRF2,Coiled-coil,238,E,K,missense,0,0.196,nan
MuRF2,Coiled-coil,238,E,Q,missense,0.11,0.135,0.000196232
MuRF2,Coiled-coil,238,E,V,missense,0,0.633,nan
MuRF2,Coiled-coil,239,E,A,missense,0.05,0.141,nan
MuRF2,Coiled-coil,239,E,K,missense,nan,nan,0
MuRF2,Coiled-coil,240,K,T,missense,0,0.984,nan
MuRF2,Coiled-coil,241,L,M,missense,nan,nan,nan
MuRF2,Coiled-coil,242,E,Q,missense,0.43,0.055,6.84e-07
MuRF2,Coiled-coil,243,H,Y,missense,0.89,0.006,1.368e-06
MuRF2,Coiled-coil,244,V,I,missense,0.6,0.036,2.736e-06
MuRF2,Coiled-coil,245,R,C,missense,0,0.942,1.591e-05
MuRF2,Coiled-coil,245,R,H,missense,0.01,0.942,0.000196232
MuRF2,Coiled-coil,245,R,L,missense,0,0.768,0.000196232
MuRF2,Coiled-coil,246,A,S,missense,1,0.001,6e-05
MuRF2,Coiled-coil,246,A,T,missense,0.26,0.001,6.84e-07
MuRF2,Coiled-coil,246,A,V,missense,0.02,0.066,nan
MuRF2,Coiled-coil,247,L,V,missense,0,0.969,8.893e-06
MuRF2,Coiled-coil,248,I,S,missense,0.15,0.03,1.1629e-05
MuRF2,None,249,K,E,missense,0,0.007,6.84e-07
MuRF2,None,249,K,R,missense,0.89,0,1.2313e-05
MuRF2,None,250,K,T,missense,0,0.191,nan
MuRF2,None,251,Y,C,missense,0,0.424,nan
MuRF2,None,251,Y,H,missense,0.05,0.566,nan
MuRF2,None,252,S,F,missense,nan,nan,nan
MuRF2,None,253,D,N,missense,0.01,0.006,nan
MuRF2,None,253,D,V,missense,0,0.232,6.841e-06
MuRF2,None,254,H,P,missense,0,0.842,8.209e-06
MuRF2,None,254,H,R,missense,0,0.052,6.84e-07
MuRF2,None,254,H,Y,missense,0,0.179,nan
MuRF2,None,255,L,S,missense,0.01,0.812,3.42e-06
MuRF2,None,256,E,G,missense,0,0.243,6.84e-07
MuRF2,None,256,E,K,missense,0,0.723,nan
MuRF2,None,257,N,K,missense,nan,nan,2.736e-06
MuRF2,None,258,V,I,missense,nan,nan,1.4365e-05
MuRF2,None,259,S,T,missense,0.09,0.077,2.052e-06
MuRF2,None,260,K,E,missense,0.01,0.335,nan
MuRF2,None,262,V,F,missense,0,0.892,3.979e-06
MuRF2,None,262,V,L,missense,0.04,0.074,nan
MuRF2,None,263,E,*,stop gained,nan,nan,6.84e-07
MuRF2,None,265,G,E,missense,0,0.92,3.979e-06
MuRF2,None,265,G,R,missense,0,0.945,nan
MuRF2,None,266,I,F,missense,0.01,0.255,nan
MuRF2,None,266,I,T,missense,0.02,0.621,nan
MuRF2,None,267,Q,*,missense,nan,nan,6.84e-07
MuRF2,COS,269,M,R,missense,0,0.745,4.789e-06
MuRF2,COS,269,M,T,missense,0,0.16,3.979e-06
MuRF2,COS,269,M,V,missense,0.01,0.024,6.84e-07
MuRF2,COS,270,D,G,missense,0,0.163,6.84e-07
MuRF2,COS,270,D,H,missense,0,0.9,nan
MuRF2,COS,271,E,K,missense,0,0.697,0.000196232
MuRF2,COS,273,E,*,missense,nan,nan,nan
MuRF2,COS,274,M,T,missense,0,0.048,nan
MuRF2,COS,276,V,E,missense,0,0.055,2.738e-06
MuRF2,COS,277,F,V,missense,0,0.986,nan
MuRF2,COS,278,L,M,missense,0,0.971,nan
MuRF2,COS,278,L,V,missense,0,0.23,nan
MuRF2,COS,279,Q,H,missense,0,0.255,6.86e-07
MuRF2,COS,283,T,S,missense,0.12,0.03,nan
MuRF2,COS,284,L,R,missense,0,0.674,nan
MuRF2,COS,284,L,V,missense,0.04,0.454,nan
MuRF2,COS,286,K,E,missense,0.06,0.001,6.85e-07
MuRF2,COS,286,K,Q,missense,1,0,nan
MuRF2,COS,287,K,I,missense,0,0.255,nan
MuRF2,COS,287,K,N,missense,0,0.255,6.84e-07
MuRF2,COS,287,K,R,missense,0.04,0.077,nan
MuRF2,COS,288,I,N,missense,0,0.156,nan
MuRF2,COS,288,I,N,frameshift,nan,nan,nan
MuRF2,COS,288,I,V,missense,0.07,0.02,1.368e-06
MuRF2,COS,289,S,L,missense,0.07,0.007,1.991e-05
MuRF2,COS,289,S,W,missense,0,0.581,nan
MuRF2,COS,291,A,T,missense,0.07,0.335,6.84e-07
MuRF2,COS,291,A,V,missense,0.04,0.642,nan
MuRF2,COS,292,S,*,missense,nan,nan,nan
MuRF2,COS,292,S,L,missense,0.03,0.47,6.84e-07
MuRF2,COS,293,K,E,missense,0.04,0.07,0.000392465
MuRF2,COS,293,K,N,missense,0.47,0.07,nan
MuRF2,COS,293,K,T,missense,0.01,0.322,nan
MuRF2,COS,294,A,P,missense,0.02,0.741,0.000196232
MuRF2,COS,294,A,S,missense,0.07,0.048,0.000196232
MuRF2,COS,294,A,T,missense,0.79,0.029,0.000196232
MuRF2,COS,294,A,V,missense,0.36,0.029,6.84e-07
MuRF2,COS,295,F,L,missense,0.52,0.015,6.84e-07
MuRF2,COS,295,F,L,missense,0.52,0.015,2.052e-06
MuRF2,COS,296,Q,L,missense,0.11,0.033,6.156e-06
MuRF2,COS,297,M,I,missense,0.11,0.014,nan
MuRF2,COS,297,M,T,missense,0,0.055,6.84e-07
MuRF2,COS,297,M,V,missense,0.11,0.025,nan
MuRF2,COS,298,E,*,missense,nan,nan,nan
MuRF2,COS,299,K,N,missense,0.04,0.009,nan
MuRF2,COS,300,I,T,missense,0.09,0.005,7.959e-06
MuRF2,COS,301,E,K,missense,0,0.585,6.84e-07
MuRF2,COS,302,H,R,missense,1,0.007,1.368e-06
MuRF2,COS,303,G,A,missense,0,0.318,9.577e-06
MuRF2,COS,303,G,D,missense,0.03,0.079,1.0261e-05
MuRF2,COS,303,G,S,missense,0.01,0.621,nan
MuRF2,COS,304,Y,*,stop gained,nan,nan,1.7101e-05
MuRF2,COS,305,E,K,missense,0.01,0.937,nan
MuRF2,COS,306,N,S,missense,0.13,0.028,nan
MuRF2,COS,307,M,I,missense,0,0.777,3.0099e-05
MuRF2,COS,307,M,L,missense,0.01,0.247,nan
MuRF2,COS,307,M,R,missense,0,0.979,0.000392465
MuRF2,COS,307,M,T,missense,0,0.955,0.000392465
MuRF2,COS,307,M,V,missense,0,0.583,5.472e-06
MuRF2,COS,309,H,L,missense,0,0.019,nan
MuRF2,COS,309,H,Q,missense,0.14,0.011,nan
MuRF2,COS,309,H,Y,missense,0,0.019,nan
MuRF2,COS,313,N,H,missense,0.01,0.04,nan
MuRF2,COS,313,N,T,missense,0.04,0.136,nan
MuRF2,COS,314,L,F,missense,1,0.02,5.473e-06
MuRF2,COS,315,N,S,missense,0.28,0.001,6.841e-06
MuRF2,COS,316,R,K,missense,0.27,0.033,1.368e-06
MuRF2,COS,317,E,D,missense,0.01,0.703,nan
MuRF2,COS,317,E,K,missense,0,0.556,6.84e-07
MuRF2,COS,318,E,*,missense,nan,nan,nan
MuRF2,COS,319,K,N,missense,0.03,0.017,nan
MuRF2,COS,319,K,T,missense,0.01,0.03,nan
MuRF2,COS,321,I,M,missense,0,0.887,nan
MuRF2,COS,321,I,T,missense,0,0.703,9.577e-06
MuRF2,COS,321,I,V,missense,0.02,0.077,6.84e-07
MuRF2,COS,322,R,C,missense,0.01,0.915,1.0946e-05
MuRF2,COS,322,R,G,missense,0.01,0.531,2.1207e-05
MuRF2,COS,322,R,H,missense,0.03,0.845,0.0001234
MuRF2,COS,323,E,A,missense,0.11,0.003,nan
MuRF2,COS,323,E,K,missense,0.19,0.001,nan
MuRF2,COS,324,I,T,missense,0,0.956,1.368e-06
MuRF2,COS,325,D,N,missense,0.02,0.687,2e-05
MuRF2,COS,326,F,L,missense,0,0.999,6.84e-07
MuRF2,IDR,326,F,L,missense,0,0.999,6.84e-07
MuRF2,COS,326,F,L,missense,0,0.999,0.0002
MuRF2,IDR,326,F,L,missense,0,0.999,0.0002
MuRF2,COS,326,F,V,missense,0,1,0.000196232
MuRF2,IDR,326,F,V,missense,0,1,0.000196232
MuRF2,IDR,329,E,G,missense,0.12,0,7.01e-07
MuRF2,IDR,329,E,Q,missense,0.05,0.096,6.84e-07
MuRF2,IDR,330,D,E,missense,1,0,nan
MuRF2,IDR,332,D,E,missense,0.99,0,nan
MuRF2,IDR,332,D,G,missense,0.38,0,nan
MuRF2,IDR,333,E,D,missense,0.33,0,9.66e-06
MuRF2,IDR,333,E,K,missense,0.01,0.025,7.07e-07
MuRF2,IDR,334,E,D,missense,0.35,0,6.93e-07
MuRF2,IDR,336,E,*,stop gained,nan,nan,nan
MuRF2,IDR,336,E,A,missense,0.2,0,nan
MuRF2,IDR,336,E,Q,missense,nan,nan,nan
MuRF2,IDR,338,G,C,missense,0.01,0.324,nan
MuRF2,IDR,338,G,D,missense,0.29,0,4.257e-06
MuRF2,IDR,338,G,V,missense,0.07,0.031,nan
MuRF2,IDR,339,G,*,stop gained,nan,nan,nan
MuRF2,IDR,339,G,R,missense,0.43,0.015,2.945e-05
MuRF2,IDR,340,E,*,stop gained,nan,nan,nan
MuRF2,IDR,340,E,K,missense,0.29,0,nan
MuRF2,IDR,340,E,V,missense,0.13,0.007,0.000196232
MuRF2,IDR,341,G,*,stop gained,nan,nan,nan
MuRF2,IDR,343,K,E,missense,1,0,nan
MuRF2,IDR,343,K,R,missense,nan,nan,0.21346
MuRF2,IDR,344,E,*,stop gained,nan,nan,nan
MuRF2,IDR,344,E,,inframe deletion,nan,nan,nan
MuRF2,IDR,344,E,K,frameshift,nan,nan,nan
MuRF2,IDR,346,E,Q,missense,0.33,0.11,nan
MuRF2,IDR,347,G,E,missense,0.85,0,nan
MuRF2,IDR,347,G,R,missense,0.35,0,nan
MuRF2,IDR,348,E,*,missense,nan,nan,nan
MuRF2,IDR,348,E,K,missense,0.3,0.003,4.007e-06
MuRF2,IDR,349,V,G,missense,0.4,0,nan
MuRF2,IDR,349,V,M,missense,0.1,0.006,3.436e-06
MuRF2,IDR,350,G,R,missense,0.5,0.039,8.898e-06
MuRF2,IDR,351,G,R,missense,0.48,0,1.369e-06
MuRF2,IDR,351,G,V,missense,0.26,0,8.897e-06
MuRF2,IDR,352,E,D,missense,0.23,0,nan
MuRF2,IDR,353,A,G,missense,0.38,0,nan
MuRF2,IDR,353,A,P,missense,0.25,0.014,nan
MuRF2,IDR,354,V,I,missense,0.23,0,2.0525e-05
MuRF2,IDR,356,V,M,missense,0.09,0.001,6.84e-07
MuRF2,IDR,357,E,G,missense,0.01,0.858,nan
MuRF2,IDR,358,E,D,missense,0.15,0,nan
MuRF2,IDR,359,V,G,missense,0.29,0.017,nan
MuRF2,IDR,359,V,I,missense,0.21,0.017,nan
MuRF2,IDR,361,N,S,missense,0.71,0,nan
MuRF2,IDR,362,V,A,missense,0.45,0.001,nan
MuRF2,IDR,362,V,D,missense,0.19,0.357,1.368e-06
MuRF2,IDR,362,V,I,missense,0.2,0.001,1e-05
MuRF2,IDR,364,T,K,missense,0.01,0.127,nan
MuRF2,IDR,364,T,S,frameshift,nan,nan,nan
MuRF2,IDR,365,E,K,missense,0.04,0.203,0.0004
MuRF2,IDR,366,F,L,missense,0.16,0,2.736e-06
MuRF2,IDR,367,P,Q,frameshift,nan,nan,nan
MuRF2,IDR,367,P,S,missense,1,0,nan
MuRF2,IDR,367,P,T,missense,0.14,0,6.84e-07
MuRF2,IDR,368,G,*,missense,nan,nan,nan
MuRF2,IDR,369,E,D,missense,0.13,0.092,nan
MuRF2,IDR,370,D,G,missense,0.19,0,3.42e-06
MuRF2,IDR,371,E,D,missense,0.12,0.001,nan
MuRF2,IDR,371,E,K,missense,0.06,0.076,3.981e-06
MuRF2,IDR,372,N,Y,missense,0.02,0,nan
MuRF2,IDR,373,P,Q,missense,0.12,0.285,nan
MuRF2,IDR,373,P,T,missense,0.2,0.057,6.84e-07
MuRF2,IDR,375,K,N,missense,0.07,0.205,nan
MuRF2,IDR,376,A,S,missense,0.2,0.017,8.209e-06
MuRF2,IDR,376,A,T,missense,0.14,0,nan
MuRF2,IDR,379,L,F,missense,0.15,0.123,nan
MuRF2,IDR,380,S,P,missense,0.2,0,2.052e-06
MuRF2,IDR,381,Q,G,frameshift,nan,nan,nan
MuRF2,IDR,381,Q,P,missense,0.11,0,nan
MuRF2,IDR,383,E,K,missense,0.2,0.009,1.368e-06
MuRF2,IDR,384,L,P,missense,0.39,0,nan
MuRF2,IDR,385,Q,*,stop gained,nan,nan,nan
MuRF2,IDR,386,A,P,missense,0.18,0.194,6.84e-07
MuRF2,IDR,387,A,S,missense,0.36,0.006,6.84e-07
MuRF2,IDR,387,A,T,missense,0.21,0.001,2.052e-06
MuRF2,IDR,387,A,V,missense,0.11,0.023,3.982e-06
MuRF2,IDR,388,P,A,missense,0.11,0,6.0881e-05
MuRF2,IDR,388,P,H,missense,0,0.241,nan
MuRF2,IDR,388,P,L,missense,0.07,0,nan
MuRF2,IDR,388,P,S,missense,0.24,0,6.84e-07
MuRF2,IDR,388,P,T,missense,0.1,0.017,nan
MuRF2,IDR,389,G,E,missense,0.9,0,6.84e-07
MuRF2,IDR,389,G,R,missense,0.23,0.017,1.7785e-05
MuRF2,IDR,390,A,P,missense,0.22,0,nan
MuRF2,IDR,390,A,S,missense,nan,nan,nan
MuRF2,IDR,391,L,H,missense,0.11,0.564,3.1467e-05
MuRF2,IDR,391,L,R,missense,0.56,0.394,nan
MuRF2,IDR,392,P,L,missense,0.15,0.003,1.368e-06
MuRF2,IDR,392,P,T,missense,nan,nan,3.2835e-05
MuRF2,IDR,394,S,F,missense,0.08,0,nan
MuRF2,IDR,395,S,C,missense,0.02,0.99,0.000196232
MuRF2,IDR,395,S,F,missense,0.02,0.987,0.000196232
MuRF2,IDR,395,S,P,missense,0.16,0.98,0.000196232
MuRF2,IDR,396,P,L,missense,0.09,0,1.368e-06
MuRF2,IDR,396,P,S,missense,0.28,0.011,6.84e-07
MuRF2,IDR,397,E,Q,missense,0.09,0.42,nan
MuRF2,IDR,398,P,L,missense,0.16,0.003,6.84e-07
MuRF2,IDR,398,P,Q,missense,0.07,0.398,4.788e-06
MuRF2,IDR,399,P,L,missense,0.08,0.037,1.368e-06
MuRF2,IDR,399,P,S,missense,0.23,0.005,nan
MuRF2,IDR,400,P,L,missense,0.08,0.076,0.0002
MuRF2,IDR,400,P,Q,missense,0.1,0.261,nan
MuRF2,IDR,400,P,S,missense,0.14,0.001,nan
MuRF2,IDR,401,A,P,missense,0.22,0.043,nan
MuRF2,IDR,401,A,S,missense,0.54,0,nan
MuRF2,IDR,402,L,P,missense,0.13,0.005,6.84e-07
MuRF2,IDR,402,L,Q,missense,0.11,0.398,2.052e-06
MuRF2,IDR,404,P,S,missense,0.11,0.003,3.42e-06
MuRF2,IDR,405,A,V,missense,0.1,0.076,5.473e-06
MuRF2,IDR,406,A,T,missense,0.1,0.056,1.368e-06
MuRF2,IDR,406,A,V,missense,0.19,0.001,7.978e-06
MuRF2,IDR,407,D,E,missense,0.68,0,6.84e-07
MuRF2,IDR,407,D,H,missense,0.16,0.259,nan
MuRF2,IDR,408,A,V,missense,0.13,0.003,nan
MuRF2,IDR,409,P,S,missense,0.13,0.003,6.84e-07
MuRF2,IDR,409,P,T,missense,0.09,0.056,6.84e-07
MuRF2,IDR,412,Q,*,stop gained,nan,nan,2.1902e-05
MuRF2,IDR,412,Q,=,-,nan,nan,nan
MuRF2,IDR,413,G,E,missense,0.08,0.999,3.427e-06
MuRF2,IDR,413,G,R,missense,0.05,0.999,2.056e-06
MuRF2,IDR,414,E,D,missense,0.07,0.588,nan
MuRF2,IDR,416,V,L,missense,0.16,0.117,nan
MuRF2,IDR,417,P,L,missense,0.17,0.001,nan
MuRF2,IDR,417,P,S,missense,0.22,0.003,6.84e-07
MuRF2,IDR,418,T,I,missense,nan,nan,nan
MuRF2,IDR,419,G,R,missense,0.04,0.289,6.84e-07
MuRF2,IDR,419,G,S,missense,0.12,0.007,2.052e-06
MuRF2,IDR,420,S,P,missense,0.09,0.37,6.84e-07
MuRF2,IDR,421,E,G,missense,0.18,0.024,2.052e-06
MuRF2,IDR,421,E,K,missense,0.26,0.01,2.052e-06
MuRF2,IDR,423,T,I,missense,0.01,0.143,nan
MuRF2,IDR,423,T,N,missense,0.03,0.104,nan
MuRF2,IDR,425,E,K,missense,0.08,0.082,nan
MuRF2,IDR,425,E,Q,missense,0.15,0.007,nan
MuRF2,IDR,427,E,K,missense,0.09,0.001,nan
MuRF2,IDR,428,T,A,missense,0.05,0.052,2.736e-06
MuRF2,IDR,429,P,L,missense,0.02,0.084,1.2313e-05
MuRF2,IDR,430,V,F,missense,0.06,0.08,nan
MuRF2,IDR,431,P,L,missense,0.53,0.05,4.104e-06
MuRF2,IDR,432,A,V,missense,0.19,0.036,nan
MuRF2,IDR,434,A,T,missense,0.63,0.001,nan
MuRF2,IDR,436,T,A,missense,0.17,0.247,nan
MuRF2,IDR,437,A,G,missense,0.08,0.035,6.84e-07
MuRF2,IDR,437,A,V,missense,0.11,0.009,1.989e-05
MuRF2,IDR,438,D,G,missense,0.06,0.404,0.000196232
MuRF2,IDR,438,D,H,missense,0,0.758,nan
MuRF2,IDR,438,D,N,missense,0.06,0.439,nan
MuRF2,IDR,439,P,S,missense,0.01,0.996,nan
MuRF2,IDR,440,L,F,missense,0.04,0.998,8.209e-06
MuRF2,IDR,440,L,W,missense,0,0.998,6.84e-07
MuRF2,IDR,441,F,C,missense,0,0.604,0.000196232
MuRF2,IDR,442,Y,D,missense,0,0.996,nan
MuRF2,IDR,442,Y,H,missense,0.01,0.996,6.84e-07
MuRF2,IDR,443,P,S,missense,0.04,0.996,nan
MuRF2,IDR,444,S,G,missense,0.06,0.971,3.42e-06
MuRF2,IDR,444,S,I,missense,0,0.994,nan
MuRF2,IDR,444,S,N,missense,0,0.986,nan
MuRF2,IDR,445,W,*,stop gained,nan,nan,nan
MuRF2,IDR,445,W,*,stop gained,nan,nan,2.052e-06
MuRF2,IDR,446,Y,C,missense,0,0.997,nan
MuRF2,IDR,447,K,E,missense,0,0.986,nan
MuRF2,IDR,448,G,A,missense,0.72,0.005,nan
MuRF2,IDR,448,G,D,missense,0.01,0.409,6.84e-07
MuRF2,IDR,448,G,S,missense,0.32,0.03,nan
MuRF2,IDR,448,G,V,missense,0.08,0.263,6.84e-07
MuRF2,IDR,449,Q,R,missense,0.02,0.156,nan
MuRF2,IDR,450,T,I,missense,0.01,0.104,0.00047
MuRF2,IDR,451,R,G,missense,0.04,0.406,6.84e-07
MuRF2,IDR,451,R,Q,missense,0.13,0.031,7.956e-06
MuRF2,IDR,451,R,W,missense,0.1,0.935,0.00299477
MuRF2,IDR,452,K,N,missense,nan,nan,7.525e-06
MuRF2,IDR,453,A,S,missense,0.28,0,nan
MuRF2,IDR,453,A,T,missense,0.28,0,nan
MuRF2,IDR,454,T,A,missense,0.1,0,1e-05
MuRF2,IDR,454,T,I,missense,0.24,0,nan
MuRF2,IDR,455,T,N,missense,0.11,0.038,6.84e-07
MuRF2,IDR,456,N,H,missense,0.01,0.434,nan
MuRF2,IDR,458,P,A,missense,0.09,0.017,nan
MuRF2,IDR,458,P,L,missense,0.1,0,nan
MuRF2,IDR,458,P,S,missense,0.26,0.017,6.84e-07
MuRF2,IDR,458,P,T,missense,0.26,0,2.5994e-05
MuRF2,IDR,460,T,A,missense,0.41,0.001,6.84e-07
MuRF2,IDR,461,P,L,missense,0.06,0.01,2.052e-06
MuRF2,IDR,461,P,S,missense,0.17,0.001,3.42e-06
MuRF2,IDR,461,P,T,missense,0.19,0,6.84e-07
MuRF2,IDR,462,G,E,missense,1,0,0.000196232
MuRF2,IDR,463,S,G,missense,0.12,0,8.893e-06
MuRF2,IDR,463,S,R,missense,0.05,0.001,6.84e-07
MuRF2,IDR,464,E,K,missense,0.03,0.138,0.000177168
MuRF2,IDR,465,G,D,missense,0.04,0.125,8.893e-06
MuRF2,IDR,465,G,S,missense,0.25,0.009,6.84e-07
MuRF2,IDR,467,G,R,missense,0.09,0.018,nan
MuRF2,IDR,467,G,W,missense,0,0.657,nan
MuRF2,IDR,471,P,L,missense,0.01,0.038,nan
MuRF2,IDR,473,G,S,missense,1,0.061,nan
MuRF2,IDR,473,G,V,missense,0.37,0,nan
MuRF2,IDR,474,S,P,missense,0.23,0.001,nan
MuRF2,IDR,476,D,N,missense,0.12,0.003,7.963e-06
MuRF2,IDR,477,S,*,stop gained,nan,nan,nan
MuRF2,IDR,477,S,L,missense,0.32,0.003,3.982e-06
MuRF2,IDR,477,S,W,missense,0.01,0.324,7.964e-06
MuRF2,IDR,478,N,H,missense,0.06,0,nan
MuRF2,IDR,478,N,K,missense,0.17,0.017,3.42e-06
MuRF2,IDR,480,R,L,missense,nan,nan,nan
MuRF2,IDR,480,R,Q,missense,1,0,7.969e-06
MuRF2,IDR,480,R,W,missense,0,0.245,1.195e-05
MuRF2,IDR,481,K,Q,missense,0.03,0.183,6.156e-06
MuRF2,IDR,482,A,T,missense,0.1,0.202,nan
MuRF2,IDR,483,E,D,missense,0.22,0.001,nan
MuRF2,IDR,483,E,G,missense,0.01,0.001,1.369e-06
MuRF2,IDR,484,V,A,missense,0.65,0,2.738e-06
MuRF2,IDR,484,V,G,missense,0.27,0,6.84e-07
MuRF2,IDR,484,V,L,missense,0.32,0,2.053e-06
MuRF2,IDR,485,A,T,missense,0.23,0.306,1.369e-06
MuRF2,IDR,486,A,G,missense,0.32,0,nan
MuRF2,IDR,487,A,V,missense,0.08,0.007,0.000196232
MuRF2,IDR,488,A,S,missense,0.09,0.303,1.368e-06
MuRF2,IDR,488,A,T,missense,nan,nan,1.5734e-05
MuRF2,IDR,488,A,V,missense,0.02,0.398,2.052e-06
MuRF2,IDR,489,A,E,missense,0.23,0.061,2.736e-06
MuRF2,IDR,489,A,G,missense,0.1,0.041,6.84e-07
MuRF2,IDR,489,A,T,missense,0.3,0,nan
MuRF2,IDR,489,A,V,missense,0.11,0.041,8.2771e-05
MuRF2,IDR,490,S,N,missense,0.56,0,1.368e-06
MuRF2,IDR,490,S,R,missense,0.12,0,nan
MuRF2,IDR,491,E,D,missense,0.01,0.632,0.000392465
MuRF2,IDR,491,E,K,missense,0.07,0.639,1.5049e-05
MuRF2,IDR,493,A,E,missense,0.12,0.567,6.84e-07
MuRF2,IDR,495,V,L,missense,0.73,0,nan
MuRF2,IDR,497,G,A,missense,0.04,0.866,nan
MuRF2,IDR,497,G,C,missense,0,0.964,1e-05
MuRF2,IDR,497,G,D,missense,0.02,0.068,1e-05
MuRF2,IDR,498,K,R,missense,0.01,0.986,4.788e-06
MuRF2,IDR,499,E,G,missense,0.01,0.172,nan
MuRF2,IDR,499,E,K,missense,0.01,0.076,nan
MuRF2,IDR,500,T,A,missense,0.16,0,nan
MuRF2,IDR,500,T,I,missense,0.02,0.163,0.000196232
MuRF2,IDR,501,S,R,missense,0.07,0.663,nan
MuRF2,IDR,503,P,A,missense,0.33,0.003,nan
MuRF2,IDR,505,A,S,missense,0.16,0.294,nan
MuRF2,IDR,506,T,A,missense,0.15,0.021,6.841e-06
MuRF2,IDR,506,T,I,missense,0.04,0.005,6.84e-07
MuRF2,IDR,506,T,P,missense,0.11,0.2,nan
MuRF2,IDR,506,T,S,missense,nan,nan,2.2576e-05
MuRF2,IDR,507,S,Y,missense,0,0.401,nan
MuRF2,IDR,509,I,T,missense,0.81,0.007,6.86e-07
MuRF2,IDR,510,G,D,frameshift,nan,nan,nan
MuRF2,IDR,510,G,R,missense,0,0.708,nan
MuRF2,IDR,510,G,V,missense,0.01,0.335,nan
MuRF2,IDR,511,F,L,missense,0.65,0.001,1.371e-06
MuRF2,IDR,512,E,D,missense,0.15,0,1.2337e-05
MuRF2,IDR,512,E,Q,missense,0.02,0.722,nan
MuRF2,IDR,513,A,G,missense,0.4,0.011,1.371e-06
MuRF2,IDR,513,A,S,missense,0.75,0,5.8962e-05
MuRF2,IDR,513,A,V,missense,0.3,0.024,4.3172e-05
MuRF2,IDR,514,P,S,missense,0.34,0,0.0004
MuRF2,IDR,515,P,L,missense,0.21,0,1.37e-06
MuRF2,IDR,515,P,S,missense,0.46,0,2.1239e-05
MuRF2,IDR,517,Q,R,missense,0.06,0.079,0.0002
MuRF2,IDR,518,G,A,missense,0.25,0,0.000196232
MuRF2,IDR,518,G,E,missense,0.14,0.026,0.000196232
MuRF2,IDR,519,Q,E,missense,0.03,0.057,nan
MuRF2,IDR,519,Q,R,missense,0.22,0.106,nan
MuRF2,IDR,520,A,S,missense,0.57,0,1.37e-06
MuRF2,IDR,521,A,T,missense,0.13,0.054,nan
MuRF2,IDR,521,A,V,missense,0.12,0.042,1.37e-06
MuRF2,IDR,522,A,V,missense,0.2,0.629,nan
MuRF2,IDR,523,P,L,missense,0.04,0,1.3012e-05
MuRF2,IDR,524,A,V,missense,0.28,0.003,1.644e-05
MuRF2,IDR,525,S,R,missense,0.04,0.97,nan
MuRF2,IDR,526,G,D,missense,0.07,0.037,nan
MuRF2,IDR,526,G,S,missense,0.42,0,1.37e-06
MuRF2,IDR,526,G,V,missense,0.02,0.082,nan
MuRF2,IDR,527,S,C,missense,0.02,0.083,nan
MuRF2,IDR,527,S,R,missense,0.13,0.005,0.00353218
MuRF2,IDR,528,G,E,missense,0.63,0.776,nan
MuRF2,IDR,528,G,R,missense,0.48,0.824,nan
MuRF2,IDR,529,A,P,missense,0.05,0.414,4.111e-06
MuRF2,IDR,530,D,H,missense,0.07,0,6.85e-07
MuRF2,IDR,531,S,F,missense,0,0.285,6.85e-07
MuRF2,None,533,P,Q,missense,0,0.284,nan
MuRF2,None,534,A,P,missense,0.24,0.214,3.43e-06
MuRF2,None,534,A,V,missense,0.08,0.058,2.745e-06
MuRF2,None,535,R,C,missense,0,0.985,1.3727e-05
MuRF2,None,535,R,H,missense,0.02,0.98,1e-05
MuRF2,None,536,H,R,missense,0,0.079,6.87e-07
MuRF2,None,537,I,T,missense,0,0.007,nan
MuRF2,None,537,I,V,missense,1,0,1.374e-06
MuRF2,None,538,F,S,missense,0,0.255,nan
MuRF2,None,538,F,V,missense,0,0.071,6.87e-07
MuRF2,None,539,S,F,missense,0,0.175,3.438e-06
MuRF2,None,539,S,P,missense,0,0.358,6.87e-07
MuRF2,None,541,S,Y,missense,0,0.513,nan
MuRF2,None,542,W,C,missense,0,0.991,nan
MuRF2,None,543,L,S,missense,0,0.986,6.89e-07
MuRF2,None,544,N,D,missense,0,0.103,nan
MuRF2,None,544,N,H,missense,0,0.435,2.759e-06
MuRF2,None,545,S,A,missense,0.09,0.067,nan
MuRF2,None,546,L,P,missense,0,0.513,1e-05
MuRF2,None,546,L,V,missense,0,0.003,nan
MuRF2,None,547,N,T,missense,0.26,0,nan
MuRF2,None,548,E,*,stop gained,nan,nan,nan
MuRF2,None,549,*,=,stop retained,nan,nan,nan
